Deepesh|Mittal|Male|625 W First Street Unit # 106 Tempe AZ|4802078054|deepesh.mittal@gmail.com|12345|27|P|
Tarun|Shimoga|Male|625 W First Street Unit # 106 Tempe AZ|4802078054|taurun@abc.com|123|26|P|
Alice|Bob|Female|abc xyz unit #128 Tempe AZ|4982061234|alice.bob@gmail.com|abcde|23|P|
Carrol|Mallory|defxcb qwerty unit # 147 Tempe AZ|7460879123|carrol.mallory@gmail.com|qwerty|56|P|
Harry|Largo|Male|8211 1st Avenue Tempe AZ 85281|6026368240|harry.largo@patient-care.com|12345|35|D|
Vaughn|France|Male|4461 Academy Street Tempe AZ 85281|6021041009|Vaughn.France@patient-care.com|abcde|44|D|
Earnest|Craw|Male|7569 Eagle Road Tempe AZ 85281|6029534549|Earnest.Craw@patient-care.com|xyzwv|61|D|
Jina|Tague|7716 Spring Street Tempe AZ 85281|6024829326|Jina.Tague@patient-care.com|78945|39|D|
Romana|Kirts|5810 Strawberry Lane Tempe AZ 85281|6027136506|Romana.Kirts@patient-care.com|hp1615|43|D|